id, timestamp, combined_elec_kwh, combined_heat_kwh, combined_cop, combined_data_length, combined_elec_mean, combined_heat_mean, combined_flowT_mean, combined_returnT_mean, combined_outsideT_mean, combined_roomT_mean, combined_prc_carnot, combined_cooling_kwh, combined_starts, combined_starts_per_hour, running_elec_kwh, running_heat_kwh, running_cop, running_data_length, running_elec_mean, running_heat_mean, running_flowT_mean, running_returnT_mean, running_outsideT_mean, running_roomT_mean, running_prc_carnot, space_elec_kwh, space_heat_kwh, space_cop, space_data_length, space_elec_mean, space_heat_mean, space_flowT_mean, space_returnT_mean, space_outsideT_mean, space_roomT_mean, space_prc_carnot, water_elec_kwh, water_heat_kwh, water_cop, water_data_length, water_elec_mean, water_heat_mean, water_flowT_mean, water_returnT_mean, water_outsideT_mean, water_roomT_mean, water_prc_carnot, from_energy_feeds_elec_kwh, from_energy_feeds_heat_kwh, from_energy_feeds_cop, quality_elec, quality_heat, quality_flowT, quality_returnT, quality_outsideT, quality_roomT, unit_rate_agile, unit_rate_cosy, unit_rate_go
256,2024-04-26 07:00:00, 5.0695, 24.9942, 4.93, 29390, 621, 3061.6, 30.49, 28.8, 7.34, 15.66, 47.733, 0.003, 3, 0.37, 4.9129, 24.5775, 5.003, 21700, 815, 4077.4, 31.26, 29.01, 9.43, 15.64, 48.431, 0, 0, 0, 0, 0, 0, 0, 0, 0, 0, 0, 0, 0, 0, 0, 0, 0, 0, 0, 0, 0, 0, 5.0678, 24.9831, 4.93, 34.016, 34.016, 34.016, 34.016, 100, 34.028, , , 
256,2024-04-27 07:00:00, 22.9032, 97.6172, 4.262, 86380, 954.5, 4068.3, 34.98, 32.54, 7.09, 17.5, 50.047, 0.083, 2, 0.08, 22.8346, 97.4903, 4.269, 83000, 990.4, 4228.5, 35.19, 32.66, 7.08, 17.49, 50.148, 0, 0, 0, 0, 0, 0, 0, 0, 0, 0, 0, 0, 0, 0, 0, 0, 0, 0, 0, 0, 0, 0, 22.9077, 97.6378, 4.262, 99.977, 99.977, 99.977, 99.977, 100, 99.931, , , 
256,2024-04-28 07:00:00, 23.6075, 100.804, 4.27, 86390, 983.8, 4200.7, 35.62, 32.92, 7.26, 18.08, 51.266, 0.385, 4, 0.17, 23.4735, 99.3581, 4.233, 79850, 1058.3, 4479.5, 36.07, 33.2, 7.15, 18.07, 50.811, 0, 0, 0, 0, 0, 0, 0, 0, 0, 0, 0, 0, 0, 0, 0, 0, 0, 0, 0, 0, 0, 0, 23.6097, 100.814, 4.27, 99.988, 99.988, 99.988, 99.988, 100, 99.931, , , 
256,2024-04-29 07:00:00, 14.7804, 67.3558, 4.557, 86370, 616.1, 2807.5, 30.56, 28.71, 9.96, 18.15, 46.972, 0.079, 10, 0.42, 14.1996, 66.5253, 4.685, 57660, 886.6, 4153.5, 33.29, 30.56, 8.63, 18.28, 48.974, 0, 0, 0, 0, 0, 0, 0, 0, 0, 0, 0, 0, 0, 0, 0, 0, 0, 0, 0, 0, 0, 0, 14.7867, 67.3875, 4.557, 99.965, 99.965, 99.965, 99.965, 100, 99.931, , , 
256,2024-04-30 07:00:00, 9.6538, 40.6889, 4.215, 86370, 402.4, 1696, 26.22, 25.07, 12.82, 18.24, 44.132, 0.172, 7, 0.29, 8.5943, 40.0314, 4.658, 33520, 923, 4299.3, 32.96, 30.07, 9.34, 18.3, 48.437, 0, 0, 0, 0, 0, 0, 0, 0, 0, 0, 0, 0, 0, 0, 0, 0, 0, 0, 0, 0, 0, 0, 9.6544, 40.6889, 4.215, 99.965, 99.965, 99.965, 99.965, 100, 99.931, , , 
256,2024-05-01 07:00:00, 6.8483, 31.4017, 4.585, 86370, 285.4, 1308.9, 25.52, 24.59, 13.7, 19.03, 46.366, 0.176, 11, 0.46, 5.5838, 29.565, 5.295, 23360, 860.5, 4556.3, 31.71, 28.43, 12.87, 18.96, 47.705, 0, 0, 0, 0, 0, 0, 0, 0, 0, 0, 0, 0, 0, 0, 0, 0, 0, 0, 0, 0, 0, 0, 6.8527, 31.4375, 4.588, 99.965, 99.965, 99.965, 99.965, 100, 99.931, , , 
256,2024-05-02 07:00:00, 8.9116, 45.6083, 5.118, 77610, 413.4, 2115.6, 28.4, 26.87, 11.89, 19.2, 46.263, 0.172, 15, 0.7, 8.0773, 43.6364, 5.402, 36360, 799.7, 4320.4, 31.29, 28.16, 11.85, 19.21, 48.642, 0, 0, 0, 0, 0, 0, 0, 0, 0, 0, 0, 0, 0, 0, 0, 0, 0, 0, 0, 0, 0, 0, 10.8015, 55.54, 5.142, 89.826, 89.826, 89.826, 89.826, 100, 89.722, , , 
256,2024-05-03 07:00:00, 13.8547, 66.1725, 4.776, 86370, 577.5, 2758.1, 31.5, 29.45, 9.87, 19.27, 49.234, 0.091, 16, 0.67, 13.2002, 64.9739, 4.922, 54230, 876.3, 4313.2, 33.41, 30.21, 9.84, 19.29, 50.678, 0, 0, 0, 0, 0, 0, 0, 0, 0, 0, 0, 0, 0, 0, 0, 0, 0, 0, 0, 0, 0, 0, 13.8554, 66.1725, 4.776, 99.965, 99.965, 99.965, 99.965, 100, 99.931, , , 
256,2024-05-04 07:00:00, 9.7993, 43.8858, 4.478, 86390, 408.4, 1828.8, 28.03, 26.65, 11.53, 19.1, 46.977, 0.086, 11, 0.46, 8.8163, 42.2492, 4.792, 37540, 845.5, 4051.6, 33.17, 30.11, 9.69, 19.14, 48.926, 0, 0, 0, 0, 0, 0, 0, 0, 0, 0, 0, 0, 0, 0, 0, 0, 0, 0, 0, 0, 0, 0, 9.7995, 43.8858, 4.478, 99.988, 99.988, 99.988, 99.988, 100, 99.931, , , 
256,2024-05-05 07:00:00, 7.9496, 35.6, 4.478, 86370, 331.3, 1483.8, 26.8, 25.65, 11.82, 19.47, 47.18, 0.227, 11, 0.46, 6.8118, 33.8211, 4.965, 29750, 824.3, 4092.6, 32.35, 29.17, 9.69, 19.37, 49.934, 0, 0, 0, 0, 0, 0, 0, 0, 0, 0, 0, 0, 0, 0, 0, 0, 0, 0, 0, 0, 0, 0, 7.9502, 35.6, 4.478, 99.965, 99.965, 99.965, 99.965, 100, 99.861, , , 
256,2024-05-06 07:00:00, 7.9855, 39.6983, 4.971, 86370, 332.8, 1654.7, 27.55, 26.23, 11.98, 19.45, 45.634, 0.176, 16, 0.67, 6.8782, 37.2889, 5.421, 31520, 785.6, 4258.9, 31.3, 27.88, 11.89, 19.41, 49.196, 0, 0, 0, 0, 0, 0, 0, 0, 0, 0, 0, 0, 0, 0, 0, 0, 0, 0, 0, 0, 0, 0, 7.9861, 39.6983, 4.971, 99.965, 99.965, 99.965, 99.965, 100, 99.861, , , 
256,2024-05-07 07:00:00, 7.5357, 32.8856, 4.364, 82960, 327, 1427, 26.73, 25.58, 12.29, 19.72, 49.463, 0.242, 10, 0.43, 6.4273, 31.2064, 4.855, 27720, 834.7, 4052.8, 33.4, 30.12, 10.22, 19.66, 50.065, 0, 0, 0, 0, 0, 0, 0, 0, 0, 0, 0, 0, 0, 0, 0, 0, 0, 0, 0, 0, 0, 0, 7.6035, 32.8856, 4.325, 96.019, 96.019, 96.019, 96.019, 100, 95.972, , , 
256,2024-05-08 07:00:00, 7.0365, 29.0672, 4.131, 86370, 293.3, 1211.6, 28.66, 27.54, 13.54, 19.87, 43.978, 0.17, 8, 0.33, 5.8064, 28.0853, 4.837, 24970, 837.1, 4049.1, 34.09, 30.75, 10.36, 19.83, 50.02, 0, 0, 0, 0, 0, 0, 0, 0, 0, 0, 0, 0, 0, 0, 0, 0, 0, 0, 0, 0, 0, 0, 7.0371, 29.0673, 4.131, 99.965, 99.965, 99.965, 99.965, 100, 99.931, , , 
256,2024-05-09 07:00:00, 4.9048, 20.3917, 4.158, 86370, 204.4, 849.9, 27.04, 26.21, 15.7, 20.12, 38.649, 0.082, 7, 0.29, 3.4979, 19.4428, 5.558, 16050, 784.6, 4361, 32.87, 29.14, 13.47, 19.89, 51.024, 0, 0, 0, 0, 0, 0, 0, 0, 0, 0, 0, 0, 0, 0, 0, 0, 0, 0, 0, 0, 0, 0, 4.9054, 20.3917, 4.157, 99.965, 99.965, 99.965, 99.965, 100, 99.861, , , 
256,2024-05-10 07:00:00, 3.6791, 11.8158, 3.212, 86370, 153.4, 492.5, 26.29, 25.76, 16.46, 20.91, 49.949, 0.178, 4, 0.17, 2.1401, 11.2711, 5.267, 9270, 831.1, 4377.1, 35.49, 31.63, 16.17, 20.65, 50.213, 0, 0, 0, 0, 0, 0, 0, 0, 0, 0, 0, 0, 0, 0, 0, 0, 0, 0, 0, 0, 0, 0, 3.6797, 11.8158, 3.211, 99.965, 99.965, 99.965, 99.965, 100, 99.861, , , 
256,2024-05-11 07:00:00, 4.1119, 14.0136, 3.408, 86370, 171.4, 584.1, 27.02, 26.44, 15.61, 21.35, 41.279, 0.204, 5, 0.21, 2.6109, 13.2369, 5.07, 11220, 837.7, 4247.1, 34.83, 31.09, 14.31, 21.22, 49.242, 0, 0, 0, 0, 0, 0, 0, 0, 0, 0, 0, 0, 0, 0, 0, 0, 0, 0, 0, 0, 0, 0, 4.1125, 14.0136, 3.408, 99.965, 99.965, 99.965, 99.965, 100, 99.861, , , 
256,2024-05-12 07:00:00, 3.3507, 10.8378, 3.234, 86370, 139.7, 451.7, 26.22, 25.74, 18.07, 21.32, 55.973, 0.106, 3, 0.13, 1.7893, 10.1867, 5.693, 8080, 797.2, 4538.6, 36.09, 31.95, 19.42, 20.96, 54.603, 0, 0, 0, 0, 0, 0, 0, 0, 0, 0, 0, 0, 0, 0, 0, 0, 0, 0, 0, 0, 0, 0, 3.3513, 10.8378, 3.234, 99.965, 99.965, 99.965, 99.965, 100, 99.931, , , 
256,2024-05-13 07:00:00, 4.3842, 18.8325, 4.296, 86370, 182.7, 785, 22.21, 21.59, 15.32, 20.11, 39.467, 0.383, 8, 0.33, 2.9309, 17.6606, 6.026, 13760, 766.8, 4620.5, 30.97, 27.24, 15.68, 19.53, 47.196, 0, 0, 0, 0, 0, 0, 0, 0, 0, 0, 0, 0, 0, 0, 0, 0, 0, 0, 0, 0, 0, 0, 4.3848, 18.8325, 4.295, 99.965, 99.965, 99.965, 99.965, 100, 99.931, , , 
256,2024-05-14 07:00:00, 5.0839, 24.5564, 4.83, 86370, 211.9, 1023.5, 20.78, 20.01, 14.61, 18.25, 39.095, 0.449, 13, 0.54, 3.73, 22.18, 5.946, 18820, 713.5, 4242.7, 28.49, 25.16, 14.69, 18.27, 44.958, 0, 0, 0, 0, 0, 0, 0, 0, 0, 0, 0, 0, 0, 0, 0, 0, 0, 0, 0, 0, 0, 0, 5.0845, 24.5564, 4.83, 99.965, 99.965, 99.965, 99.965, 100, 99.931, , , 
256,2024-05-15 07:00:00, 4.5413, 19.8728, 4.376, 86370, 189.3, 828.3, 23.77, 23.07, 15.24, 18.01, 32.869, 0.436, 9, 0.38, 3.1326, 18.6803, 5.963, 15940, 707.5, 4218.9, 29.1, 25.78, 15.04, 17.94, 46.643, 0, 0, 0, 0, 0, 0, 0, 0, 0, 0, 0, 0, 0, 0, 0, 0, 0, 0, 0, 0, 0, 0, 4.5419, 19.8728, 4.375, 99.965, 99.965, 99.965, 99.965, 100, 99.861, , , 
256,2024-05-16 07:00:00, 6.7191, 37.3933, 5.565, 85160, 284, 1580.7, 21.67, 20.53, 12.65, 17.97, 41.751, 0.362, 8, 0.34, 5.6228, 35.6972, 6.349, 30530, 663, 4209.3, 26.11, 23.05, 11.15, 17.83, 49.318, 0, 0, 0, 0, 0, 0, 0, 0, 0, 0, 0, 0, 0, 0, 0, 0, 0, 0, 0, 0, 0, 0, 6.7438, 37.3933, 5.545, 98.565, 98.565, 98.565, 98.565, 100, 98.472, , , 
256,2024-05-17 07:00:00, 4.7829, 22.0258, 4.605, 83920, 205.2, 945.3, 23.56, 22.76, 15.3, 18.05, 33.749, 0.305, 4, 0.17, 3.4305, 21.5783, 6.29, 16160, 764.2, 4807.1, 28.82, 25.17, 14.02, 17.81, 47.529, 0, 0, 0, 0, 0, 0, 0, 0, 0, 0, 0, 0, 0, 0, 0, 0, 0, 0, 0, 0, 0, 0, 5.2186, 25.0203, 4.794, 97.13, 97.141, 97.141, 97.141, 100, 96.875, , , 
256,2024-05-18 07:00:00, 6.3144, 35.5794, 5.635, 86380, 263.2, 1482.8, 21.73, 20.66, 14.21, 18.53, 40.747, 0.325, 3, 0.13, 5.1291, 34.4164, 6.71, 27010, 683.6, 4587.2, 27.44, 24.11, 13.29, 18.46, 50.958, 0, 0, 0, 0, 0, 0, 0, 0, 0, 0, 0, 0, 0, 0, 0, 0, 0, 0, 0, 0, 0, 0, 6.3147, 35.5795, 5.634, 99.977, 99.977, 99.977, 99.977, 100, 99.861, , , 
256,2024-05-19 07:00:00, 7.4842, 42.3664, 5.661, 86370, 312, 1765.9, 25, 23.67, 14.11, 18.68, 45.014, 0.146, 4, 0.17, 6.3836, 41.6475, 6.524, 31260, 735.2, 4796.3, 27.38, 23.89, 11.5, 18.32, 52.974, 0, 0, 0, 0, 0, 0, 0, 0, 0, 0, 0, 0, 0, 0, 0, 0, 0, 0, 0, 0, 0, 0, 7.4848, 42.3664, 5.66, 99.965, 99.965, 99.965, 99.965, 100, 99.861, , , 
256,2024-05-20 07:00:00, 6.618, 35.955, 5.433, 81090, 293.8, 1596.2, 22.24, 21.07, 13.55, 18.99, 44.787, 0.301, 6, 0.27, 5.4919, 34.4431, 6.272, 24830, 796.2, 4993.8, 27.53, 23.87, 11.62, 18.7, 52.456, 0, 0, 0, 0, 0, 0, 0, 0, 0, 0, 0, 0, 0, 0, 0, 0, 0, 0, 0, 0, 0, 0, 7.8194, 43.875, 5.611, 93.854, 93.854, 93.854, 93.854, 100, 93.681, , , 
256,2024-05-21 07:00:00, 11.6219, 75.5653, 6.502, 86340, 484.6, 3149.6, 25.37, 23.07, 12.43, 18.89, 52.025, 0.012, 8, 0.33, 10.9975, 74.645, 6.787, 55350, 715.3, 4855, 27.87, 24.31, 12.65, 18.89, 52.255, 0, 0, 0, 0, 0, 0, 0, 0, 0, 0, 0, 0, 0, 0, 0, 0, 0, 0, 0, 0, 0, 0, 11.6231, 75.5652, 6.501, 99.931, 99.965, 99.965, 99.965, 100, 99.931, , , 
256,2024-05-22 07:00:00, 8.506, 52.5517, 6.178, 86370, 354.5, 2190.4, 24.08, 22.48, 13.62, 18.96, 53.951, 0.077, 6, 0.25, 7.5476, 51.0036, 6.758, 38560, 704.6, 4761.7, 28.08, 24.59, 13.68, 18.97, 50.287, 0, 0, 0, 0, 0, 0, 0, 0, 0, 0, 0, 0, 0, 0, 0, 0, 0, 0, 0, 0, 0, 0, 8.5066, 52.5516, 6.178, 99.965, 99.965, 99.965, 99.965, 100, 99.931, , , 
256,2024-05-23 07:00:00, 9.822, 58.2475, 5.93, 86370, 409.4, 2427.5, 24.51, 22.73, 13.22, 19.02, 53.777, 0.219, 3, 0.13, 8.8936, 56.9908, 6.408, 39920, 802, 5139.5, 28.87, 25.09, 13.19, 19, 51.155, 0, 0, 0, 0, 0, 0, 0, 0, 0, 0, 0, 0, 0, 0, 0, 0, 0, 0, 0, 0, 0, 0, 9.8226, 58.2476, 5.93, 99.965, 99.977, 99.977, 99.977, 100, 99.931, , , 
256,2024-05-24 07:00:00, 9.2524, 49.9306, 5.396, 86380, 385.6, 2080.9, 24.21, 22.69, 12.69, 19.3, 51.751, 0.442, 6, 0.25, 8.2349, 48.7192, 5.916, 35570, 833.4, 4930.8, 28.65, 25.02, 11.18, 18.98, 51.81, 0, 0, 0, 0, 0, 0, 0, 0, 0, 0, 0, 0, 0, 0, 0, 0, 0, 0, 0, 0, 0, 0, 9.2528, 49.9305, 5.396, 99.977, 99.977, 99.977, 99.977, 100, 99.861, , , 
256,2024-05-25 07:00:00, 6.4045, 31.5092, 4.92, 86370, 266.9, 1313.3, 22.75, 21.82, 14.1, 19.4, 61.055, 0.413, 3, 0.13, 5.1357, 30.5611, 5.951, 22800, 810.9, 4825.4, 29.92, 26.16, 11.49, 19.02, 52.541, 0, 0, 0, 0, 0, 0, 0, 0, 0, 0, 0, 0, 0, 0, 0, 0, 0, 0, 0, 0, 0, 0, 6.4051, 31.5092, 4.919, 99.965, 99.965, 99.965, 99.965, 100, 99.931, , , 
256,2024-05-26 07:00:00, 6.1368, 32.0053, 5.215, 86370, 255.8, 1334, 22.49, 21.45, 13.86, 19.47, 52.916, 0.03, 3, 0.13, 4.8438, 31.6297, 6.53, 21660, 805.1, 5257, 29.81, 25.69, 13.44, 19.39, 52.681, 0, 0, 0, 0, 0, 0, 0, 0, 0, 0, 0, 0, 0, 0, 0, 0, 0, 0, 0, 0, 0, 0, 6.1374, 32.0052, 5.215, 99.965, 99.965, 99.965, 99.965, 100, 99.861, , , 
256,2024-05-27 07:00:00, 8.7814, 48.3336, 5.504, 86370, 366, 2014.6, 23.95, 22.44, 12.72, 19.34, 52.327, 0.454, 5, 0.21, 7.7459, 47.9486, 6.19, 34670, 804.3, 4978.8, 28.68, 24.94, 12.05, 19.13, 51.933, 0, 0, 0, 0, 0, 0, 0, 0, 0, 0, 0, 0, 0, 0, 0, 0, 0, 0, 0, 0, 0, 0, 8.782, 48.3336, 5.504, 99.965, 99.965, 99.965, 99.965, 100, 99.931, , , 
256,2024-05-28 07:00:00, 8.1143, 48.1983, 5.94, 86370, 338.2, 2009, 23.85, 22.32, 13.66, 19.18, 52.155, 0.379, 10, 0.42, 7.09, 46.1792, 6.513, 35420, 720.6, 4693.5, 27.85, 24.25, 12.87, 19.05, 51.245, 0, 0, 0, 0, 0, 0, 0, 0, 0, 0, 0, 0, 0, 0, 0, 0, 0, 0, 0, 0, 0, 0, 8.1149, 48.1984, 5.94, 99.965, 99.965, 99.965, 99.965, 100, 99.931, , , 
256,2024-05-29 07:00:00, 4.5089, 20.7964, 4.612, 86370, 187.9, 866.8, 21.51, 20.83, 14.83, 18.95, 46.502, 0.476, 3, 0.13, 3.0979, 19.7533, 6.376, 15670, 711.7, 4538.1, 29.13, 25.45, 14.95, 18.8, 47.262, 0, 0, 0, 0, 0, 0, 0, 0, 0, 0, 0, 0, 0, 0, 0, 0, 0, 0, 0, 0, 0, 0, 4.5095, 20.7964, 4.612, 99.965, 99.965, 99.965, 99.965, 100, 99.931, , , 
256,2024-05-30 07:00:00, 7.9895, 47.4647, 5.941, 86370, 333, 1978.4, 23.49, 21.96, 13.37, 18.81, 51.161, 0.231, 7, 0.29, 7.0058, 45.8267, 6.541, 37280, 676.5, 4425.3, 27.64, 24.2, 13.56, 18.76, 48.576, 0, 0, 0, 0, 0, 0, 0, 0, 0, 0, 0, 0, 0, 0, 0, 0, 0, 0, 0, 0, 0, 0, 7.9901, 47.4647, 5.94, 99.965, 99.965, 99.965, 99.965, 100, 99.931, , , 
256,2024-05-31 07:00:00, 10.1888, 62.3808, 6.123, 86370, 424.7, 2600.1, 24.47, 22.47, 12.36, 18.48, 53.555, 0.139, 4, 0.17, 9.4424, 61.8436, 6.55, 49090, 692.5, 4535.3, 27.59, 24.08, 12.64, 18.42, 50.431, 0, 0, 0, 0, 0, 0, 0, 0, 0, 0, 0, 0, 0, 0, 0, 0, 0, 0, 0, 0, 0, 0, 10.1894, 62.3809, 6.122, 99.965, 99.965, 99.965, 99.965, 100, 99.931, , , 
256,2024-06-01 07:00:00, 11.3079, 67.835, 5.999, 86370, 471.3, 2827.4, 25.33, 23.08, 11.53, 18.13, 50.935, 0.117, 8, 0.33, 10.6748, 65.8836, 6.172, 54980, 699, 4314, 27.53, 24.09, 11.56, 18.25, 49.575, 0, 0, 0, 0, 0, 0, 0, 0, 0, 0, 0, 0, 0, 0, 0, 0, 0, 0, 0, 0, 0, 0, 11.3085, 67.835, 5.999, 99.965, 99.965, 99.965, 99.965, 100, 99.861, , , 
256,2024-06-02 07:00:00, 8.0364, 41.7275, 5.192, 86370, 335, 1739.2, 26.27, 24.78, 14.46, 18.03, 44.435, 0.278, 2, 0.08, 6.9865, 41.2689, 5.907, 33760, 745, 4400.7, 28.18, 24.6, 8.88, 16.47, 54.844, 0, 0, 0, 0, 0, 0, 0, 0, 0, 0, 0, 0, 0, 0, 0, 0, 0, 0, 0, 0, 0, 0, 8.037, 41.7275, 5.192, 99.965, 99.965, 99.965, 99.965, 100, 99.861, , , 
256,2024-06-03 07:00:00, 3.7024, 14.2381, 3.846, 86370, 154.3, 593.5, 21.2, 20.66, 15.3, 19.63, 37.071, 0.132, 2, 0.08, 2.1934, 13.0633, 5.956, 10740, 735.2, 4378.8, 31.9, 27.88, 15.15, 19, 51.083, 0, 0, 0, 0, 0, 0, 0, 0, 0, 0, 0, 0, 0, 0, 0, 0, 0, 0, 0, 0, 0, 0, 3.7029, 14.238, 3.845, 99.965, 99.965, 99.965, 99.965, 100, 99.861, , , 
256,2024-06-04 07:00:00, 9.183, 59.2997, 6.458, 85340, 387.4, 2501.5, 23.93, 22.58, 14.16, 19.58, 48.189, 0.036, 7, 0.3, 8.3638, 58.6669, 7.014, 44240, 680.6, 4774, 27.04, 24.47, 14.72, 19.65, 48.169, 0, 0, 0, 0, 0, 0, 0, 0, 0, 0, 0, 0, 0, 0, 0, 0, 0, 0, 0, 0, 0, 0, 9.209, 59.3309, 6.443, 98.773, 98.773, 98.773, 98.773, 100, 83.194, , , 
256,2024-06-05 07:00:00, 15.1769, 83.8617, 5.526, 86370, 632.6, 3495.4, 26.63, 24.99, 10.94, 18.8, 51.23, 0.159, 4, 0.17, 14.5852, 82.8342, 5.679, 57240, 917.3, 5209.7, 28.68, 26.25, 9.55, 18.62, 51.694, 0, 0, 0, 0, 0, 0, 0, 0, 0, 0, 0, 0, 0, 0, 0, 0, 0, 0, 0, 0, 0, 0, 15.1824, 83.7992, 5.519, 99.965, 99.965, 99.965, 99.965, 100, 99.861, , , 
256,2024-06-06 07:00:00, 9.9551, 53.2419, 5.348, 86370, 414.9, 2219.2, 24.7, 23.65, 12.55, 19.16, 49.624, 0.258, 3, 0.13, 9.0264, 52.3122, 5.795, 40540, 801.6, 4645.4, 28.2, 26, 10.04, 18.71, 50.948, 0, 0, 0, 0, 0, 0, 0, 0, 0, 0, 0, 0, 0, 0, 0, 0, 0, 0, 0, 0, 0, 0, 9.9601, 53.2465, 5.346, 99.965, 99.965, 99.965, 99.965, 100, 99.931, , , 
256,2024-06-07 07:00:00, 10.2063, 54.6183, 5.351, 86370, 425.4, 2276.6, 24.56, 23.47, 12.91, 19.27, 49.47, 0.176, 3, 0.13, 9.2589, 53.7022, 5.8, 39630, 841.1, 4878.3, 28.09, 25.76, 9.47, 18.84, 51.13, 0, 0, 0, 0, 0, 0, 0, 0, 0, 0, 0, 0, 0, 0, 0, 0, 0, 0, 0, 0, 0, 0, 10.2113, 55.0436, 5.39, 99.965, 99.965, 99.965, 99.965, 100, 99.583, , , 
256,2024-06-08 07:00:00, 8.9251, 49.6919, 5.568, 86370, 372, 2071.2, 24.22, 23.24, 13, 19.64, 47.812, 0.363, 4, 0.17, 7.954, 48.7525, 6.129, 38590, 742, 4548, 27.27, 25.12, 10.93, 19.2, 50.26, 0, 0, 0, 0, 0, 0, 0, 0, 0, 0, 0, 0, 0, 0, 0, 0, 0, 0, 0, 0, 0, 0, 8.9308, 49.7855, 5.575, 99.965, 99.965, 99.965, 99.965, 100, 99.931, , , 
256,2024-06-09 07:00:00, 13.6319, 74.2225, 5.445, 86370, 568.2, 3093.7, 26.01, 24.56, 11.37, 18.79, 48.437, 0.238, 4, 0.17, 12.9533, 73.9392, 5.708, 52960, 880.5, 5026.1, 28.12, 25.75, 9.82, 18.76, 49.818, 0, 0, 0, 0, 0, 0, 0, 0, 0, 0, 0, 0, 0, 0, 0, 0, 0, 0, 0, 0, 0, 0, 13.6325, 74.1948, 5.442, 99.965, 99.965, 99.965, 99.965, 100, 99.931, , , 
256,2024-06-10 07:00:00, 14.2379, 83.5878, 5.871, 86370, 593.5, 3484, 26.38, 24.73, 11.43, 18.6, 50.383, 0.122, 7, 0.29, 13.675, 82.9083, 6.063, 58740, 838.1, 5081.2, 27.96, 25.55, 11.19, 18.47, 50.944, 0, 0, 0, 0, 0, 0, 0, 0, 0, 0, 0, 0, 0, 0, 0, 0, 0, 0, 0, 0, 0, 0, 14.2437, 83.549, 5.866, 99.965, 99.965, 99.965, 99.965, 100, 99.931, , , 
256,2024-06-11 07:00:00, 16.85, 94.8181, 5.627, 86370, 702.3, 3952.1, 27.59, 25.74, 10.3, 18.48, 50.134, 0.171, 5, 0.21, 16.5189, 94.4086, 5.715, 70130, 848, 4846.3, 28.43, 26.16, 9.96, 18.39, 50.604, 0, 0, 0, 0, 0, 0, 0, 0, 0, 0, 0, 0, 0, 0, 0, 0, 0, 0, 0, 0, 0, 0, 16.8602, 94.8359, 5.625, 99.965, 99.965, 99.965, 99.965, 100, 99.931, , , 
256,2024-06-12 07:00:00, 11.0638, 58.5256, 5.29, 86370, 461.2, 2439.4, 25.31, 24.15, 11.46, 18.85, 50.906, 0.299, 3, 0.13, 10.2279, 57.7222, 5.644, 44910, 819.9, 4627, 28.27, 26.07, 9.3, 18.39, 50.88, 0, 0, 0, 0, 0, 0, 0, 0, 0, 0, 0, 0, 0, 0, 0, 0, 0, 0, 0, 0, 0, 0, 11.0697, 58.615, 5.295, 99.965, 99.965, 99.965, 99.965, 100, 99.931, , , 
256,2024-06-13 07:00:00, 12.5664, 74.5108, 5.929, 86370, 523.8, 3105.7, 26.01, 24.54, 11.29, 18.99, 52.648, 0.116, 3, 0.13, 12.0031, 73.2853, 6.106, 58440, 739.4, 4514.5, 27.64, 25.5, 10, 18.9, 52.1, 0, 0, 0, 0, 0, 0, 0, 0, 0, 0, 0, 0, 0, 0, 0, 0, 0, 0, 0, 0, 0, 0, 12.5678, 74.4678, 5.925, 99.965, 99.965, 99.965, 99.965, 100, 99.861, , , 
256,2024-06-14 07:00:00, 8.087, 46.5108, 5.751, 86370, 337.1, 1938.6, 24.24, 23.32, 13.44, 19.29, 48.807, 0.306, 7, 0.29, 7.0467, 45.3583, 6.437, 34910, 726.7, 4677.5, 27.15, 24.91, 13.12, 19.14, 48.861, 0, 0, 0, 0, 0, 0, 0, 0, 0, 0, 0, 0, 0, 0, 0, 0, 0, 0, 0, 0, 0, 0, 8.0925, 46.6355, 5.763, 99.965, 99.965, 99.965, 99.965, 100, 97.083, , , 
256,2024-06-15 07:00:00, 11.566, 68.7672, 5.946, 86370, 482.1, 2866.3, 25.78, 24.42, 12.31, 19.36, 50.49, 0.13, 6, 0.25, 10.8847, 67.3969, 6.192, 52650, 744.3, 4608.3, 27.8, 25.6, 11.54, 19.22, 50.507, 0, 0, 0, 0, 0, 0, 0, 0, 0, 0, 0, 0, 0, 0, 0, 0, 0, 0, 0, 0, 0, 0, 11.5715, 68.7119, 5.938, 99.965, 99.965, 99.965, 99.965, 100, 99.931, , , 
256,2024-06-16 07:00:00, 7.0563, 39.7214, 5.629, 86370, 294.1, 1655.6, 23.89, 23.07, 14.77, 19.7, 45.963, 0.289, 3, 0.13, 6.2825, 38.7128, 6.162, 29530, 765.9, 4719.5, 27.92, 25.63, 12.44, 19.04, 48.237, 0, 0, 0, 0, 0, 0, 0, 0, 0, 0, 0, 0, 0, 0, 0, 0, 0, 0, 0, 0, 0, 0, 7.0571, 39.7283, 5.63, 99.965, 99.965, 99.965, 99.965, 100, 99.861, , , 
256,2024-06-17 07:00:00, 6.3199, 36.1367, 5.718, 86370, 263.4, 1506.2, 25.14, 26.15, 15.09, 20.67, 50.476, 0.143, 3, 0.13, 5.6141, 35.5967, 6.341, 27240, 742, 4704.4, 28.09, 25.76, 11.31, 19.75, 51.856, 0, 0, 0, 0, 0, 0, 0, 0, 0, 0, 0, 0, 0, 0, 0, 0, 0, 0, 0, 0, 0, 0, 6.312, 36.104, 5.72, 99.965, 99.965, 99.965, 99.965, 100, 99.861, , , 
256,2024-06-18 07:00:00, 4.9682, 25.1169, 5.056, 86380, 207.1, 1046.8, 25.9, 25.23, 14.68, 21, 43.346, 0.27, 3, 0.13, 4.0224, 24.645, 6.127, 18220, 794.8, 4869.5, 28.56, 26.11, 12.73, 20.07, 49.038, 0, 0, 0, 0, 0, 0, 0, 0, 0, 0, 0, 0, 0, 0, 0, 0, 0, 0, 0, 0, 0, 0, 4.9697, 25.1067, 5.052, 99.977, 99.977, 99.977, 99.977, 100, 99.931, , , 
256,2024-06-19 07:00:00, 4.4436, 21.2453, 4.781, 86370, 185.2, 885.5, 22.55, 22.1, 15.03, 20.69, 45.952, 0.252, 2, 0.08, 3.3559, 20.2578, 6.036, 13060, 925.1, 5584.1, 29.92, 27.06, 14.57, 19.8, 46.925, 0, 0, 0, 0, 0, 0, 0, 0, 0, 0, 0, 0, 0, 0, 0, 0, 0, 0, 0, 0, 0, 0, 4.4441, 21.2007, 4.771, 99.965, 99.965, 99.965, 99.965, 100, 99.861, , , 
256,2024-06-20 07:00:00, 4.3179, 21.8567, 5.062, 86370, 180, 911, 25.8, 25.19, 15.36, 20.66, 41.751, 0.274, 4, 0.17, 3.4675, 21.4653, 6.191, 15690, 795.6, 4925.1, 28.05, 25.57, 11.85, 19.61, 48.943, 0, 0, 0, 0, 0, 0, 0, 0, 0, 0, 0, 0, 0, 0, 0, 0, 0, 0, 0, 0, 0, 0, 4.3185, 21.875, 5.065, 99.965, 99.965, 99.965, 99.965, 100, 99.931, , , 
256,2024-06-21 07:00:00, 2.6822, 10.9192, 4.071, 86380, 111.8, 455.1, 24.95, 24.71, 16.77, 21.55, 34.53, 0.214, 2, 0.08, 1.6679, 10.5972, 6.354, 6810, 881.7, 5602.1, 31.64, 28.55, 18.77, 21, 42.849, 0, 0, 0, 0, 0, 0, 0, 0, 0, 0, 0, 0, 0, 0, 0, 0, 0, 0, 0, 0, 0, 0, 2.6824, 10.937, 4.077, 99.977, 99.977, 99.977, 99.977, 100, 85.903, , , 
256,2024-06-22 07:00:00, 2.8036, 9.8172, 3.502, 86370, 116.9, 409.2, 24.82, 24.5, 16.38, 21.89, 32.606, 0.354, 3, 0.13, 1.6655, 9.745, 5.851, 6380, 939.8, 5498.7, 31.91, 28.89, 16.71, 21.23, 44.767, 0, 0, 0, 0, 0, 0, 0, 0, 0, 0, 0, 0, 0, 0, 0, 0, 0, 0, 0, 0, 0, 0, 2.8035, 9.8489, 3.513, 99.965, 99.965, 99.965, 99.965, 100, 82.639, , , 
256,2024-06-23 07:00:00, 2.9006, 13.2258, 4.56, 86370, 120.9, 551.3, 25.26, 24.82, 17.31, 21.88, 38.526, 0.108, 2, 0.08, 2.0226, 12.9331, 6.394, 8080, 901.2, 5762.3, 31.3, 28.08, 18.22, 20.81, 46.38, 0, 0, 0, 0, 0, 0, 0, 0, 0, 0, 0, 0, 0, 0, 0, 0, 0, 0, 0, 0, 0, 0, 2.9012, 13.2339, 4.561, 99.965, 99.965, 99.965, 99.965, 100, 95.556, , , 
256,2024-06-24 07:00:00, 1.6503, 5.2686, 3.193, 86370, 68.8, 219.6, 25.55, 25.44, 20.18, 23.24, 28.971, 0.214, 1, 0.04, 0.9026, 5.1622, 5.719, 2870, 1132.2, 6475.3, 40.92, 36.76, 24.22, 23.45, 42.826, 0, 0, 0, 0, 0, 0, 0, 0, 0, 0, 0, 0, 0, 0, 0, 0, 0, 0, 0, 0, 0, 0, 1.6506, 5.2571, 3.185, 99.965, 99.965, 99.965, 99.965, 100, 64.444, , , 
256,2024-06-25 07:00:00, 1.5026, 5.1339, 3.417, 86370, 62.6, 214, 26.24, 26.23, 20.87, 24.35, 28.571, 0.236, 1, 0.04, 0.8488, 5.08, 5.985, 2840, 1075.9, 6439.4, 40.91, 36.66, 26.47, 0, 39.16, 0, 0, 0, 0, 0, 0, 0, 0, 0, 0, 0, 0, 0, 0, 0, 0, 0, 0, 0, 0, 0, 0, 1.5027, 5.1655, 3.437, 99.965, 99.965, 99.965, 99.965, 100, 41.736, , , 
256,2024-06-26 07:00:00, 1.4335, 4.2742, 2.982, 86370, 59.7, 178.2, 26.55, 26.57, 21.17, 25.04, 23.634, 0.273, 1, 0.04, 0.7294, 4.3108, 5.91, 2350, 1117.4, 6603.8, 42.64, 38.36, 26.48, 0, 42.616, 0, 0, 0, 0, 0, 0, 0, 0, 0, 0, 0, 0, 0, 0, 0, 0, 0, 0, 0, 0, 0, 0, 1.4339, 4.4065, 3.073, 99.965, 99.965, 99.965, 99.965, 100, 30.764, , , 
256,2024-06-27 07:00:00, 1.677, 4.4236, 2.638, 86370, 69.9, 184.4, 26.07, 25.88, 18.01, 24.59, 20.86, 0.279, 1, 0.04, 0.8284, 4.3722, 5.278, 2440, 1222.3, 6450.8, 42.35, 38.22, 21.55, 24, 46.847, 0, 0, 0, 0, 0, 0, 0, 0, 0, 0, 0, 0, 0, 0, 0, 0, 0, 0, 0, 0, 0, 0, 1.6781, 4.5354, 2.703, 99.965, 99.965, 99.965, 99.965, 100, 71.806, , , 
256,2024-06-28 07:00:00, 2.7904, 9, 3.225, 86370, 116.3, 375.1, 24.73, 24.43, 15.27, 21.97, 32.846, 0.337, 2, 0.08, 1.5871, 8.9528, 5.641, 6250, 914.2, 5156.8, 31.74, 28.9, 16.01, 21.45, 45.985, 0, 0, 0, 0, 0, 0, 0, 0, 0, 0, 0, 0, 0, 0, 0, 0, 0, 0, 0, 0, 0, 0, 2.791, 8.9985, 3.224, 99.965, 99.965, 99.965, 99.965, 100, 89.514, , , 
256,2024-06-29 07:00:00, 3.0542, 13.1981, 4.321, 86380, 127.3, 550, 25.52, 25.12, 16.69, 21.46, 36.16, 0.209, 3, 0.13, 2.1669, 13.0078, 6.003, 9460, 824.6, 4950.1, 29.65, 26.95, 14.86, 19.88, 45.194, 0, 0, 0, 0, 0, 0, 0, 0, 0, 0, 0, 0, 0, 0, 0, 0, 0, 0, 0, 0, 0, 0, 3.0559, 13.2427, 4.333, 99.977, 99.977, 99.977, 99.977, 100, 61.111, , , 
256,2024-06-30 07:00:00, 3.2997, 10.4286, 3.16, 86380, 137.5, 434.6, 21.95, 21.7, 15.15, 21.64, 26.827, 0.183, 2, 0.08, 1.7159, 9.5172, 5.547, 6420, 962.2, 5336.8, 32.28, 29.23, 14.97, 21.35, 47.232, 0, 0, 0, 0, 0, 0, 0, 0, 0, 0, 0, 0, 0, 0, 0, 0, 0, 0, 0, 0, 0, 0, 3.3012, 10.4626, 3.169, 99.977, 99.977, 99.977, 99.977, 100, 65.347, , , 
256,2024-07-01 07:00:00, 3.6195, 12.295, 3.397, 86370, 150.9, 512.5, 21.58, 21.3, 15.4, 19.91, 31.951, 0.203, 2, 0.08, 2.0309, 11.4669, 5.646, 7560, 967.1, 5460.4, 31.7, 28.65, 15.96, 19.54, 44.831, 0, 0, 0, 0, 0, 0, 0, 0, 0, 0, 0, 0, 0, 0, 0, 0, 0, 0, 0, 0, 0, 0, 3.6226, 12.3452, 3.408, 99.965, 99.965, 99.965, 99.965, 100, 53.819, , , 
256,2024-07-02 07:00:00, 4.9721, 23.3164, 4.689, 86370, 207.2, 971.9, 22.06, 21.58, 14.42, 19.37, 40.991, 0.407, 3, 0.13, 3.5958, 22.5833, 6.28, 16400, 789.3, 4957.3, 27.94, 25.5, 13.75, 18.64, 46.926, 0, 0, 0, 0, 0, 0, 0, 0, 0, 0, 0, 0, 0, 0, 0, 0, 0, 0, 0, 0, 0, 0, 4.9728, 23.3154, 4.689, 99.965, 99.965, 99.965, 99.965, 100, 62.778, , , 
256,2024-07-03 07:00:00, 4.7298, 21.1928, 4.481, 86370, 197.1, 883.3, 21.74, 21.29, 14.5, 19.67, 43.13, 0.128, 3, 0.13, 3.2694, 20.3606, 6.228, 13940, 844.3, 5258.1, 28.59, 25.86, 13.51, 19.52, 47.757, 0, 0, 0, 0, 0, 0, 0, 0, 0, 0, 0, 0, 0, 0, 0, 0, 0, 0, 0, 0, 0, 0, 4.7344, 21.2029, 4.478, 99.965, 99.965, 99.965, 99.965, 100, 92.708, , , 
256,2024-07-04 07:00:00, 4.9276, 23.5589, 4.781, 86370, 205.4, 982, 21.94, 21.43, 15.18, 19.06, 41.382, 0.232, 3, 0.13, 3.7078, 22.6292, 6.103, 17320, 770.7, 4703.5, 27.73, 25.35, 12.95, 18.59, 46.408, 0, 0, 0, 0, 0, 0, 0, 0, 0, 0, 0, 0, 0, 0, 0, 0, 0, 0, 0, 0, 0, 0, 4.9352, 23.5906, 4.78, 99.965, 99.965, 99.965, 99.965, 100, 91.806, , , 
256,2024-07-05 07:00:00, 4.1809, 18.7856, 4.493, 86390, 174.2, 782.8, 21.46, 21.04, 14.58, 19.66, 45.644, 0.285, 3, 0.13, 2.8074, 17.8958, 6.375, 12030, 840.1, 5355.4, 28.93, 26.12, 14.23, 19.54, 48.952, 0, 0, 0, 0, 0, 0, 0, 0, 0, 0, 0, 0, 0, 0, 0, 0, 0, 0, 0, 0, 0, 0, 4.1887, 18.8652, 4.504, 99.988, 99.988, 99.988, 99.988, 100, 88.542, , , 
256,2024-07-06 07:00:00, 8.0476, 45.2986, 5.629, 86380, 335.4, 1887.9, 23.23, 22.32, 12.35, 19.03, 55.299, 0.099, 4, 0.17, 6.9855, 44.9694, 6.438, 33860, 742.7, 4781.2, 27.11, 24.8, 11.28, 18.8, 51.992, 0, 0, 0, 0, 0, 0, 0, 0, 0, 0, 0, 0, 0, 0, 0, 0, 0, 0, 0, 0, 0, 0, 8.053, 45.3948, 5.637, 99.977, 99.977, 99.977, 99.977, 100, 99.861, , , 
256,2024-07-07 07:00:00, 6.19, 31.8042, 5.138, 86370, 258, 1325.6, 22.57, 21.91, 13.22, 18.87, 49.187, 0.156, 5, 0.21, 4.9152, 30.5831, 6.222, 23620, 749.1, 4661.3, 27.07, 24.74, 11.79, 18.48, 50.073, 0, 0, 0, 0, 0, 0, 0, 0, 0, 0, 0, 0, 0, 0, 0, 0, 0, 0, 0, 0, 0, 0, 6.1995, 31.7876, 5.127, 99.965, 99.965, 99.965, 99.965, 100, 64.792, , , 
256,2024-07-08 07:00:00, 6.1955, 31.9264, 5.153, 86370, 258.2, 1330.7, 22.45, 21.79, 14.23, 18.96, 46.221, 0.146, 5, 0.21, 4.9865, 30.8311, 6.183, 24440, 734.5, 4541.4, 27.01, 24.74, 11.48, 18.28, 48.66, 0, 0, 0, 0, 0, 0, 0, 0, 0, 0, 0, 0, 0, 0, 0, 0, 0, 0, 0, 0, 0, 0, 6.2052, 31.9131, 5.143, 99.965, 99.965, 99.965, 99.965, 100, 74.236, , , 
256,2024-07-09 07:00:00, 2.9902, 10.5553, 3.53, 86370, 124.6, 440, 20.76, 20.49, 16.85, 19.1, 41.785, 0.23, 3, 0.13, 1.5985, 9.6511, 6.038, 6450, 892.2, 5386.7, 32.22, 29.09, 17.2, 19.13, 45.915, 0, 0, 0, 0, 0, 0, 0, 0, 0, 0, 0, 0, 0, 0, 0, 0, 0, 0, 0, 0, 0, 0, 2.9999, 10.5676, 3.523, 99.965, 99.965, 99.965, 99.965, 100, 59.931, , , 
256,2024-07-10 07:00:00, 1.666, 2.5558, 1.534, 86370, 69.4, 106.5, 19.66, 19.59, 16.94, 20.4, 14.569, 0.011, 1, 0.04, 0.3034, 2.4386, 8.039, 1870, 584, 4694.7, 22.69, 20.49, 16.02, 19.71, 44.763, 0, 0, 0, 0, 0, 0, 0, 0, 0, 0, 0, 0, 0, 0, 0, 0, 0, 0, 0, 0, 0, 0, 1.6667, 2.5566, 1.534, 99.965, 99.965, 99.965, 99.965, 100, 55.833, , , 
256,2024-07-11 07:00:00, 3.177, 12.6728, 3.989, 86370, 132.4, 528.2, 23.77, 23.38, 16.05, 19.87, 34.682, 0.085, 2, 0.08, 1.9649, 12.2983, 6.259, 7780, 909.2, 5690.7, 31.62, 28.38, 17.4, 19.71, 45.071, 0, 0, 0, 0, 0, 0, 0, 0, 0, 0, 0, 0, 0, 0, 0, 0, 0, 0, 0, 0, 0, 0, 3.1853, 12.6831, 3.982, 99.965, 99.965, 99.965, 99.965, 100, 58.056, , , 
256,2024-07-12 07:00:00, 4.8288, 22.0319, 4.563, 86370, 201.3, 918.3, 21.53, 21.08, 14.23, 18.93, 37.713, 0.397, 3, 0.13, 3.3958, 21.2889, 6.269, 15260, 801.1, 5022.3, 27.67, 25.19, 13.87, 18.56, 46.486, 0, 0, 0, 0, 0, 0, 0, 0, 0, 0, 0, 0, 0, 0, 0, 0, 0, 0, 0, 0, 0, 0, 4.8297, 22.0364, 4.563, 99.965, 99.965, 99.965, 99.965, 100, 50.903, , , 
256,2024-07-13 07:00:00, 4.0319, 15.8453, 3.93, 86390, 168, 660.3, 21.13, 20.78, 14.63, 18.84, 37.474, 0.122, 2, 0.08, 2.4899, 14.9314, 5.997, 9930, 902.7, 5413.2, 30.21, 27.24, 14.61, 18.35, 48.032, 0, 0, 0, 0, 0, 0, 0, 0, 0, 0, 0, 0, 0, 0, 0, 0, 0, 0, 0, 0, 0, 0, 4.0404, 15.8596, 3.925, 99.988, 99.988, 99.988, 99.988, 100, 91.944, , , 
256,2024-07-14 07:00:00, 3.8189, 18.4517, 4.832, 86370, 159.2, 769.1, 24.67, 24.12, 15.74, 19.5, 36.227, 0.202, 4, 0.17, 2.8628, 18.0875, 6.318, 13490, 764, 4826.9, 27.93, 25.42, 13.87, 18.41, 46.909, 0, 0, 0, 0, 0, 0, 0, 0, 0, 0, 0, 0, 0, 0, 0, 0, 0, 0, 0, 0, 0, 0, 3.8279, 18.425, 4.813, 99.965, 99.965, 99.965, 99.965, 100, 99.861, , , 
256,2024-07-15 07:00:00, 3.1816, 11.565, 3.635, 86370, 132.6, 482, 23.56, 23.18, 15.13, 19.85, 33.082, 0.22, 3, 0.13, 1.9225, 11.2339, 5.843, 8050, 859.8, 5023.9, 29.76, 27, 13.93, 19.39, 46.73, 0, 0, 0, 0, 0, 0, 0, 0, 0, 0, 0, 0, 0, 0, 0, 0, 0, 0, 0, 0, 0, 0, 3.1913, 11.5452, 3.618, 99.965, 99.965, 99.965, 99.965, 100, 99.861, , , 
256,2024-07-16 07:00:00, 3.1826, 12.1892, 3.83, 86370, 132.7, 508.1, 21.59, 21.29, 16.4, 19.87, 34.849, 0.266, 2, 0.08, 1.8531, 11.5619, 6.239, 7750, 860.8, 5370.7, 30.66, 27.72, 15.85, 19.41, 49.124, 0, 0, 0, 0, 0, 0, 0, 0, 0, 0, 0, 0, 0, 0, 0, 0, 0, 0, 0, 0, 0, 0, 3.1835, 12.1863, 3.828, 99.965, 99.965, 99.965, 99.965, 100, 99.931, , , 
256,2024-07-17 07:00:00, 2.5874, 10.17, 3.931, 86370, 107.8, 423.9, 24.17, 23.85, 17.38, 20.19, 35.178, 0.302, 2, 0.08, 1.5674, 10.0964, 6.442, 6500, 868.1, 5591.8, 31.17, 28.14, 17.64, 19.47, 47.085, 0, 0, 0, 0, 0, 0, 0, 0, 0, 0, 0, 0, 0, 0, 0, 0, 0, 0, 0, 0, 0, 0, 2.5886, 10.1692, 3.929, 99.965, 99.965, 99.965, 99.965, 100, 99.931, , , 
256,2024-07-18 07:00:00, 2.2467, 8.0311, 3.575, 86370, 93.6, 334.7, 22.92, 23.08, 19.61, 21.59, 49.585, 0.23, 2, 0.08, 1.3824, 7.9314, 5.737, 5050, 985.5, 5654.1, 33.56, 30.26, 18.03, 22.2, 45.568, 0, 0, 0, 0, 0, 0, 0, 0, 0, 0, 0, 0, 0, 0, 0, 0, 0, 0, 0, 0, 0, 0, 2.2479, 8.0562, 3.584, 99.965, 99.965, 99.965, 99.965, 100, 95.694, , , 
256,2024-07-19 07:00:00, 0.7189, 0.3494, 0.486, 86380, 30, 14.6, 23.34, 24.08, 22.27, 23.87, 0, 0.009, 0, 0, 0, 0, 0, 0, 0, 0, 0, 0, 0, 0, 0, 0, 0, 0, 0, 0, 0, 0, 0, 0, 0, 0, 0, 0, 0, 0, 0, 0, 0, 0, 0, 0, 0, 0.7191, 0.3496, 0.486, 99.977, 99.977, 99.977, 99.977, 100, 82.083, , , 
256,2024-07-20 07:00:00, 1.6909, 5.2517, 3.106, 86370, 70.5, 218.9, 24.12, 25.87, 19.06, 24.23, 35.306, 0.205, 1, 0.04, 0.9972, 5.3086, 5.324, 3040, 1180.9, 6286.5, 40.32, 36.24, 21.24, 23.85, 46.228, 0, 0, 0, 0, 0, 0, 0, 0, 0, 0, 0, 0, 0, 0, 0, 0, 0, 0, 0, 0, 0, 0, 1.6956, 5.2773, 3.112, 99.965, 99.965, 99.965, 99.965, 100, 99.931, , , 
256,2024-07-21 07:00:00, 0.9914, 0.0094, 0.01, 86370, 41.3, 0.4, 21.53, 21.61, 18.02, 23.05, 0.149, 0.053, 0, 0, 0, 0, 0, 0, 0, 0, 0, 0, 0, 0, 0, 0, 0, 0, 0, 0, 0, 0, 0, 0, 0, 0, 0, 0, 0, 0, 0, 0, 0, 0, 0, 0, 0, 0.992, 0.0063, 0.006, 99.965, 99.965, 99.965, 99.965, 100, 99.931, , , 
256,2024-07-22 07:00:00, 2.2144, 7.5403, 3.405, 86370, 92.3, 314.3, 22.22, 22.17, 18.32, 22.65, 52.471, 0.158, 1, 0.04, 1.3558, 6.7119, 4.951, 3850, 1267.7, 6276.1, 40.41, 36.4, 15.59, 21.31, 51.063, 0, 0, 0, 0, 0, 0, 0, 0, 0, 0, 0, 0, 0, 0, 0, 0, 0, 0, 0, 0, 0, 0, 2.2145, 7.5466, 3.408, 99.965, 99.965, 99.965, 99.965, 100, 99.792, , , 
256,2024-07-23 07:00:00, 1.7313, 4.0633, 2.347, 86370, 72.2, 169.4, 23.17, 25.02, 18.69, 22.78, 23.333, 0.333, 1, 0.04, 0.8074, 4.1769, 5.173, 2380, 1221.3, 6318.1, 43.07, 38.98, 22.18, 22.72, 46.027, 0, 0, 0, 0, 0, 0, 0, 0, 0, 0, 0, 0, 0, 0, 0, 0, 0, 0, 0, 0, 0, 0, 1.7316, 4.0691, 2.35, 99.965, 99.965, 99.965, 99.965, 100, 99.861, , , 
256,2024-07-24 07:00:00, 0.9896, 0.0003, 0, 86370, 41.2, 0, 21.29, 21.51, 17.9, 22.35, 0, 0.02, 0, 0, 0, 0, 0, 0, 0, 0, 0, 0, 0, 0, 0, 0, 0, 0, 0, 0, 0, 0, 0, 0, 0, 0, 0, 0, 0, 0, 0, 0, 0, 0, 0, 0, 0, 0.9902, 0, 0, 99.965, 99.965, 99.965, 99.965, 100, 99.931, , , 
256,2024-07-25 07:00:00, 1.1744, -0.0011, -0.001, 86380, 48.9, 0, 20.66, 20.62, 17.33, 21.57, 0, 0.023, 0, 0, 0, 0, 0, 0, 0, 0, 0, 0, 0, 0, 0, 0, 0, 0, 0, 0, 0, 0, 0, 0, 0, 0, 0, 0, 0, 0, 0, 0, 0, 0, 0, 0, 0, 1.1747, -0.001, -0.001, 99.977, 99.977, 99.977, 99.977, 100, 99.931, , , 
256,2024-07-26 07:00:00, 1.0736, 0.0239, 0.022, 86370, 44.7, 1, 20.39, 20.54, 17.29, 20.59, 0.746, 0.006, 0, 0, 0, 0, 0, 0, 0, 0, 0, 0, 0, 0, 0, 0, 0, 0, 0, 0, 0, 0, 0, 0, 0, 0, 0, 0, 0, 0, 0, 0, 0, 0, 0, 0, 0, 1.0742, 0.0239, 0.022, 99.965, 99.965, 99.965, 99.965, 100, 99.931, , , 
256,2024-07-27 07:00:00, 1.1416, 0.0244, 0.021, 86380, 47.6, 1, 20.26, 20.4, 16.42, 20.48, 0.25, 0.006, 0, 0, 0, 0, 0, 0, 0, 0, 0, 0, 0, 0, 0, 0, 0, 0, 0, 0, 0, 0, 0, 0, 0, 0, 0, 0, 0, 0, 0, 0, 0, 0, 0, 0, 0, 1.1421, 0.0244, 0.021, 99.977, 99.977, 99.977, 99.977, 100, 99.931, , , 
256,2024-07-28 07:00:00, 1.3372, 3.345, 2.501, 86370, 55.7, 139.4, 20.95, 21.29, 17.82, 20.47, 69.7, 0, 1, 0.04, 0.478, 3.2364, 6.771, 2790, 616.7, 4176, 23.05, 21.12, 9.26, 19.07, 50.301, 0, 0, 0, 0, 0, 0, 0, 0, 0, 0, 0, 0, 0, 0, 0, 0, 0, 0, 0, 0, 0, 0, 1.3373, 3.3455, 2.502, 99.965, 99.965, 99.965, 99.965, 100, 99.861, , , 
256,2024-07-29 07:00:00, 0.8533, 0.0278, 0.033, 86390, 35.6, 1.2, 21.47, 22.01, 19.99, 21.8, 0, 0.002, 0, 0, 0, 0, 0, 0, 0, 0, 0, 0, 0, 0, 0, 0, 0, 0, 0, 0, 0, 0, 0, 0, 0, 0, 0, 0, 0, 0, 0, 0, 0, 0, 0, 0, 0, 0.8533, 0.0273, 0.032, 99.988, 99.988, 99.988, 99.988, 100, 99.861, , , 
256,2024-07-30 07:00:00, 0.681, 0.0397, 0.058, 86380, 28.4, 1.7, 22.25, 22.82, 21.79, 23.4, 0, 0, 0, 0, 0, 0, 0, 0, 0, 0, 0, 0, 0, 0, 0, 0, 0, 0, 0, 0, 0, 0, 0, 0, 0, 0, 0, 0, 0, 0, 0, 0, 0, 0, 0, 0, 0, 0.681, 0.0396, 0.058, 99.977, 99.977, 99.977, 99.977, 100, 99.931, , , 
256,2024-07-31 07:00:00, 0.5682, 0.0417, 0.073, 86380, 23.7, 1.7, 23.18, 23.79, 22.1, 24.19, 0, 0, 0, 0, 0, 0, 0, 0, 0, 0, 0, 0, 0, 0, 0, 0, 0, 0, 0, 0, 0, 0, 0, 0, 0, 0, 0, 0, 0, 0, 0, 0, 0, 0, 0, 0, 0, 0.5683, 0.0417, 0.073, 99.977, 99.977, 99.977, 99.977, 100, 99.931, , , 
256,2024-08-01 07:00:00, 0.5813, 0.0281, 0.048, 86370, 24.2, 1.2, 23.17, 23.56, 21.02, 24.35, 0, 0.003, 0, 0, 0, 0, 0, 0, 0, 0, 0, 0, 0, 0, 0, 0, 0, 0, 0, 0, 0, 0, 0, 0, 0, 0, 0, 0, 0, 0, 0, 0, 0, 0, 0, 0, 0, 0.5814, 0.0281, 0.048, 99.965, 99.965, 99.965, 99.965, 100, 99.931, , , 
256,2024-08-02 07:00:00, 2.9096, 10.7619, 3.699, 86370, 121.3, 448.6, 29.63, 30.84, 20.48, 24.59, 42.201, 0.575, 2, 0.08, 2.5912, 11.1517, 4.304, 6490, 1437.3, 6185.8, 48.24, 44.23, 22.29, 24.85, 44.134, 0, 0, 0, 0, 0, 0, 0, 0, 0, 0, 0, 0, 0, 0, 0, 0, 0, 0, 0, 0, 0, 0, 2.9082, 10.7825, 3.708, 99.965, 99.965, 99.965, 99.965, 100, 99.931, , , 
256,2024-08-03 07:00:00, 0.9191, 0.3631, 0.395, 86380, 38.3, 15.1, 24.01, 23.65, 18.92, 24.2, 3.872, 0.014, 0, 0, 0, 0, 0, 0, 0, 0, 0, 0, 0, 0, 0, 0, 0, 0, 0, 0, 0, 0, 0, 0, 0, 0, 0, 0, 0, 0, 0, 0, 0, 0, 0, 0, 0, 0.9196, 0.3625, 0.394, 99.977, 99.977, 99.977, 99.977, 100, 99.931, , , 
256,2024-08-04 07:00:00, 2.4378, 7.6233, 3.127, 86380, 101.6, 317.7, 25.42, 24.89, 16.44, 22.13, 27.795, 0.26, 2, 0.08, 1.3613, 7.5331, 5.534, 5070, 966.6, 5348.9, 33.38, 30.31, 16.79, 21.48, 44.578, 0, 0, 0, 0, 0, 0, 0, 0, 0, 0, 0, 0, 0, 0, 0, 0, 0, 0, 0, 0, 0, 0, 2.4381, 7.657, 3.141, 99.977, 99.977, 99.977, 99.977, 100, 99.931, , , 
256,2024-08-05 07:00:00, 1.7678, 4.0022, 2.264, 86370, 73.7, 166.8, 25.15, 24.72, 18.81, 22.58, 24.493, 0.369, 1, 0.04, 0.8186, 4.2486, 5.19, 2450, 1202.8, 6242.9, 43.23, 39.16, 23.29, 22.78, 44.611, 0, 0, 0, 0, 0, 0, 0, 0, 0, 0, 0, 0, 0, 0, 0, 0, 0, 0, 0, 0, 0, 0, 1.7679, 4.0024, 2.264, 99.965, 99.965, 99.965, 99.965, 100, 99.931, , , 
256,2024-08-06 07:00:00, 2.2825, 5.8006, 2.541, 86370, 95.1, 241.8, 22.26, 22.04, 17.96, 22.85, 19.739, 0.25, 1, 0.04, 0.9974, 4.9575, 4.971, 2890, 1242.4, 6175.4, 41.09, 37.1, 18.34, 22.49, 47.808, 0, 0, 0, 0, 0, 0, 0, 0, 0, 0, 0, 0, 0, 0, 0, 0, 0, 0, 0, 0, 0, 0, 2.2834, 5.8291, 2.553, 99.965, 99.965, 99.965, 99.965, 100, 99.861, , , 
256,2024-08-07 07:00:00, 2.8024, 8.9861, 3.207, 86380, 116.8, 374.5, 21.79, 21.56, 16.07, 21.23, 30.823, 0.106, 1, 0.04, 1.5114, 8.8664, 5.866, 5130, 1060.6, 6222, 34.37, 30.89, 15.15, 20.75, 53.758, 0, 0, 0, 0, 0, 0, 0, 0, 0, 0, 0, 0, 0, 0, 0, 0, 0, 0, 0, 0, 0, 0, 2.8028, 8.988, 3.207, 99.977, 99.977, 99.977, 99.977, 100, 99.931, , , 
256,2024-08-08 07:00:00, 2.6908, 9.4811, 3.524, 86380, 112.1, 395.1, 21.89, 21.58, 17.3, 20.79, 30.51, 0.167, 1, 0.04, 1.6808, 8.6961, 5.174, 5640, 1072.9, 5550.7, 34.74, 31.51, 16.81, 20.06, 46.037, 0, 0, 0, 0, 0, 0, 0, 0, 0, 0, 0, 0, 0, 0, 0, 0, 0, 0, 0, 0, 0, 0, 2.6907, 9.4854, 3.525, 99.977, 99.977, 99.977, 99.977, 100, 99.861, , , 
256,2024-08-09 07:00:00, 1.9198, 4.7286, 2.463, 86380, 80, 197.1, 24.91, 24.47, 19.21, 22.02, 17.124, 0.266, 1, 0.04, 0.9154, 4.7428, 5.181, 2700, 1220.5, 6323.7, 42.4, 38.27, 21.54, 21.73, 45.96, 0, 0, 0, 0, 0, 0, 0, 0, 0, 0, 0, 0, 0, 0, 0, 0, 0, 0, 0, 0, 0, 0, 1.9208, 4.7456, 2.471, 99.977, 99.977, 99.977, 99.977, 100, 99.931, , , 
256,2024-08-10 07:00:00, 3.3415, 12.3158, 3.686, 86370, 139.3, 513.3, 25.81, 25.11, 18.04, 22.01, 31.588, 0.283, 2, 0.08, 2.2695, 11.4753, 5.056, 6620, 1234.2, 6240.3, 39.6, 35.57, 16.95, 21.58, 48.745, 0, 0, 0, 0, 0, 0, 0, 0, 0, 0, 0, 0, 0, 0, 0, 0, 0, 0, 0, 0, 0, 0, 3.3425, 12.3149, 3.684, 99.965, 99.965, 99.965, 99.965, 100, 99.931, , , 
256,2024-08-11 07:00:00, 1.9215, 6.4044, 3.333, 86380, 80.1, 266.9, 25.38, 24.97, 20.39, 22.36, 22.353, 0.141, 1, 0.04, 1.0081, 6.3594, 6.308, 3550, 1022.3, 6449, 39.96, 35.81, 26.94, 22.44, 37.953, 0, 0, 0, 0, 0, 0, 0, 0, 0, 0, 0, 0, 0, 0, 0, 0, 0, 0, 0, 0, 0, 0, 1.9216, 6.4038, 3.333, 99.977, 99.977, 99.977, 99.977, 100, 85.972, , , 
256,2024-08-12 07:00:00, 1.1017, 4.9272, 4.472, 86370, 45.9, 205.4, 26.9, 26.54, 23.14, 25.07, 28.409, 0.12, 1, 0.04, 0.752, 4.7756, 6.35, 2630, 1029.4, 6536.9, 41.54, 37.28, 27.49, 25.01, 40.334, 0, 0, 0, 0, 0, 0, 0, 0, 0, 0, 0, 0, 0, 0, 0, 0, 0, 0, 0, 0, 0, 0, 1.1002, 4.9504, 4.5, 99.965, 99.965, 99.965, 99.965, 100, 86.389, , , 
256,2024-08-13 07:00:00, 1.8632, 4.9794, 2.673, 86380, 77.7, 207.5, 26.14, 25.8, 18.41, 23.72, 22.802, 0.217, 1, 0.04, 0.8778, 5.09, 5.798, 2740, 1153.4, 6687.6, 41.97, 37.77, 23.94, 22.97, 45.998, 0, 0, 0, 0, 0, 0, 0, 0, 0, 0, 0, 0, 0, 0, 0, 0, 0, 0, 0, 0, 0, 0, 1.8635, 4.9783, 2.671, 99.977, 99.977, 99.977, 99.977, 100, 99.931, , , 
256,2024-08-14 07:00:00, 1.0814, 0.0806, 0.074, 86380, 45.1, 3.4, 22.13, 22.09, 18.27, 23.25, 0.491, 0.024, 1, 0.04, 0.0003, 0, 0, 10, 117.8, 0, 21.56, 21.57, 16.92, 23.1, 0, 0, 0, 0, 0, 0, 0, 0, 0, 0, 0, 0, 0, 0, 0, 0, 0, 0, 0, 0, 0, 0, 0, 1.082, 0.0784, 0.072, 99.977, 99.977, 99.977, 99.977, 100, 99.931, , , 
256,2024-08-15 07:00:00, 2.5654, 9.7108, 3.785, 86380, 106.9, 404.7, 25.76, 25.27, 17.7, 22.22, 33.753, 0.089, 2, 0.08, 1.569, 9.4967, 6.053, 6090, 927.5, 5613.8, 33.76, 30.45, 18.49, 21.88, 45.958, 0, 0, 0, 0, 0, 0, 0, 0, 0, 0, 0, 0, 0, 0, 0, 0, 0, 0, 0, 0, 0, 0, 2.5659, 9.6836, 3.774, 99.977, 99.977, 99.977, 99.977, 100, 99.861, , , 
256,2024-08-16 07:00:00, 2.3943, 8.5969, 3.591, 86380, 99.8, 358.3, 24.49, 23.69, 17.39, 21.68, 30.808, 0.326, 2, 0.08, 1.3509, 7.8139, 5.784, 5210, 933.4, 5399.2, 33.5, 30.4, 17.25, 21.15, 46.872, 0, 0, 0, 0, 0, 0, 0, 0, 0, 0, 0, 0, 0, 0, 0, 0, 0, 0, 0, 0, 0, 0, 2.3948, 8.5879, 3.586, 99.977, 99.977, 99.977, 99.977, 100, 96.319, , , 
256,2024-08-17 07:00:00, 2.9678, 12.3228, 4.152, 86380, 123.7, 513.6, 22.86, 22.51, 15.72, 20.96, 40.537, 0.379, 2, 0.08, 2.2337, 11.5953, 5.191, 7670, 1048.4, 5442.4, 31.49, 28.68, 11.06, 20.54, 48.78, 0, 0, 0, 0, 0, 0, 0, 0, 0, 0, 0, 0, 0, 0, 0, 0, 0, 0, 0, 0, 0, 0, 2.9681, 12.3433, 4.159, 99.977, 99.977, 99.977, 99.977, 100, 99.931, , , 
256,2024-08-18 07:00:00, 2.3774, 9.5508, 4.017, 86380, 99.1, 398, 24.3, 25.27, 16.69, 20.97, 40.406, 0.181, 2, 0.08, 1.5593, 9.4078, 6.034, 5890, 953, 5750.1, 33.02, 29.78, 17.19, 20.64, 46.316, 0, 0, 0, 0, 0, 0, 0, 0, 0, 0, 0, 0, 0, 0, 0, 0, 0, 0, 0, 0, 0, 0, 2.3773, 9.5479, 4.016, 99.977, 99.977, 99.977, 99.977, 100, 98.472, , , 
256,2024-08-19 07:00:00, 3.2254, 14.4025, 4.465, 86370, 134.4, 600.3, 24.28, 25, 14.98, 20.2, 43.094, 0.224, 3, 0.13, 2.4593, 14.1883, 5.769, 9990, 886.2, 5112.9, 29.92, 27.26, 13.29, 20.06, 47.333, 0, 0, 0, 0, 0, 0, 0, 0, 0, 0, 0, 0, 0, 0, 0, 0, 0, 0, 0, 0, 0, 0, 3.221, 14.988, 4.653, 99.965, 99.965, 99.965, 99.965, 100, 99.861, , , 
256,2024-08-20 07:00:00, 1.3719, 3.9639, 2.889, 86370, 57.2, 165.2, 24.25, 24.99, 17.46, 20.58, 29.291, 0.45, 1, 0.04, 0.9254, 4.2006, 4.539, 2430, 1371, 6223, 41.98, 38.07, 18.45, 20.71, 44.641, 0, 0, 0, 0, 0, 0, 0, 0, 0, 0, 0, 0, 0, 0, 0, 0, 0, 0, 0, 0, 0, 0, 1.3726, 3.9622, 2.887, 99.965, 99.965, 99.965, 99.965, 100, 99.861, , , 
256,2024-08-21 07:00:00, 2.9979, 15.3317, 5.114, 86370, 125, 639, 21.72, 21.24, 15.54, 20.03, 37.173, 0, 2, 0.08, 2.2522, 15.1247, 6.716, 11800, 687.1, 4614.3, 25.3, 23.24, 12.12, 20.24, 47.58, 0, 0, 0, 0, 0, 0, 0, 0, 0, 0, 0, 0, 0, 0, 0, 0, 0, 0, 0, 0, 0, 0, 2.9988, 15.332, 5.113, 99.965, 99.965, 99.965, 99.965, 100, 99.861, , , 
256,2024-08-22 07:00:00, 1.5189, 6.2817, 4.136, 86380, 63.3, 261.8, 23.63, 24.32, 17.32, 19.8, 37.135, 0.158, 1, 0.04, 1.1902, 6.365, 5.348, 3560, 1203.6, 6436.5, 39.2, 35.12, 18.86, 19.67, 47.026, 0, 0, 0, 0, 0, 0, 0, 0, 0, 0, 0, 0, 0, 0, 0, 0, 0, 0, 0, 0, 0, 0, 1.519, 6.2849, 4.138, 99.977, 99.977, 99.977, 99.977, 100, 99.792, , , 
256,2024-08-23 07:00:00, 0.3382, 0, 0, 86370, 14.1, 0, 21.44, 21.2, 17.75, 20.24, 0, 0, 0, 0, 0, 0, 0, 0, 0, 0, 0, 0, 0, 0, 0, 0, 0, 0, 0, 0, 0, 0, 0, 0, 0, 0, 0, 0, 0, 0, 0, 0, 0, 0, 0, 0, 0, 0.3383, 0, 0, 99.965, 99.965, 99.965, 99.965, 100, 99.861, , , 
256,2024-08-24 07:00:00, 4.5706, 24.2011, 5.295, 86380, 190.5, 1008.6, 22.38, 21.77, 14.22, 20.16, 41.523, 0.396, 6, 0.25, 3.622, 23.1122, 6.381, 17140, 760.7, 4854.4, 27.16, 24.77, 13.55, 20.13, 47.268, 0, 0, 0, 0, 0, 0, 0, 0, 0, 0, 0, 0, 0, 0, 0, 0, 0, 0, 0, 0, 0, 0, 4.5745, 24.2249, 5.296, 99.977, 99.977, 99.977, 99.977, 100, 99.931, , , 
256,2024-08-25 07:00:00, 5.1949, 27.86, 5.363, 86380, 216.5, 1161.1, 22.68, 21.95, 14.48, 19.71, 44.521, 0.199, 4, 0.17, 4.5706, 27.4256, 6, 19570, 840.8, 5045.1, 27.77, 25.4, 10.67, 19.85, 51.623, 0, 0, 0, 0, 0, 0, 0, 0, 0, 0, 0, 0, 0, 0, 0, 0, 0, 0, 0, 0, 0, 0, 5.2013, 27.8372, 5.352, 99.977, 99.977, 99.977, 99.977, 100, 90.694, , , 
256,2024-08-26 07:00:00, 2.8854, 13.0789, 4.533, 86370, 120.3, 545.1, 23.69, 24.53, 16.95, 19.9, 43.469, 0.186, 2, 0.08, 2.0746, 12.9619, 6.248, 8220, 908.6, 5676.8, 31.18, 28.07, 17.25, 19.81, 44.274, 0, 0, 0, 0, 0, 0, 0, 0, 0, 0, 0, 0, 0, 0, 0, 0, 0, 0, 0, 0, 0, 0, 2.8854, 13.103, 4.541, 99.965, 99.965, 99.965, 99.965, 100, 85.208, , , 
256,2024-08-27 07:00:00, 1.9888, 7.7267, 3.885, 86370, 82.9, 322.1, 23.75, 24.73, 18.46, 20.45, 38.073, 0.373, 3, 0.13, 1.2979, 7.7422, 5.965, 4940, 945.8, 5642.1, 33.17, 30.04, 19.22, 20.32, 43.464, 0, 0, 0, 0, 0, 0, 0, 0, 0, 0, 0, 0, 0, 0, 0, 0, 0, 0, 0, 0, 0, 0, 1.9888, 7.7319, 3.888, 99.965, 99.965, 99.965, 99.965, 100, 89.039, , , 
256,2024-08-28 07:00:00, 1.2424, 5.4428, 4.381, 86380, 51.8, 226.8, 24.47, 25.23, 19.8, 21.24, 36.404, 0.175, 1, 0.04, 0.9136, 5.4772, 5.995, 3000, 1096.3, 6572.7, 40.32, 36.13, 25.08, 21.7, 41.602, 0, 0, 0, 0, 0, 0, 0, 0, 0, 0, 0, 0, 0, 0, 0, 0, 0, 0, 0, 0, 0, 0, 1.2429, 5.4487, 4.384, 99.977, 99.977, 99.977, 99.977, 100, 17.986, , , 
256,2024-08-29 07:00:00, 1.7496, 7.1392, 4.08, 86380, 72.9, 297.5, 21.83, 21.69, 15.85, 20.71, 37.002, 0.04, 1, 0.04, 0.9948, 6.9486, 6.985, 4960, 722.1, 5043.3, 25.5, 23.22, 13.51, 20.73, 48.456, 0, 0, 0, 0, 0, 0, 0, 0, 0, 0, 0, 0, 0, 0, 0, 0, 0, 0, 0, 0, 0, 0, 1.7502, 7.1433, 4.081, 99.977, 99.977, 99.977, 99.977, 100, 17.708, , , 
256,2024-08-30 07:00:00, 5.1877, 27.7575, 5.351, 86370, 216.2, 1157, 25.3, 25.94, 15.13, 20.05, 49.005, 0.216, 3, 0.13, 4.5885, 27.6883, 6.034, 21020, 785.9, 4742.1, 28.25, 25.95, 10.96, 20.01, 50.723, 0, 0, 0, 0, 0, 0, 0, 0, 0, 0, 0, 0, 0, 0, 0, 0, 0, 0, 0, 0, 0, 0, 5.1885, 27.8162, 5.361, 99.965, 99.965, 99.965, 99.965, 100, 95.069, , , 
256,2024-08-31 07:00:00, 3.7154, 16.8178, 4.527, 86370, 154.9, 701, 24.18, 24.93, 15.52, 19.76, 42.026, 0.307, 3, 0.13, 2.9353, 16.7831, 5.718, 12160, 869, 4968.7, 29.06, 26.57, 13.5, 19.79, 47.137, 0, 0, 0, 0, 0, 0, 0, 0, 0, 0, 0, 0, 0, 0, 0, 0, 0, 0, 0, 0, 0, 0, 3.7152, 16.8469, 4.535, 99.965, 99.965, 99.965, 99.965, 100, 96.458, , , 
256,2024-09-01 07:00:00, 1.426, 4.9658, 3.482, 86370, 59.4, 207, 26.11, 25.47, 20.35, 20.86, 54.047, 0.167, 1, 0.04, 1.0984, 5.0547, 4.602, 3060, 1292.3, 5946.7, 40.06, 36.12, 15.48, 19.14, 47.219, 0, 0, 0, 0, 0, 0, 0, 0, 0, 0, 0, 0, 0, 0, 0, 0, 0, 0, 0, 0, 0, 0, 1.4265, 4.9629, 3.479, 99.965, 99.965, 99.965, 99.965, 100, 98.472, , , 
256,2024-09-02 07:00:00, 1.3814, 6.0064, 4.348, 86370, 57.6, 250.4, 25.2, 26.09, 19.04, 22.67, 41.873, 0.064, 1, 0.04, 1.0551, 5.9728, 5.661, 3350, 1133.8, 6418.5, 39.53, 35.42, 20.01, 22.62, 48.416, 0, 0, 0, 0, 0, 0, 0, 0, 0, 0, 0, 0, 0, 0, 0, 0, 0, 0, 0, 0, 0, 0, 1.3815, 6.0225, 4.359, 99.965, 99.965, 99.965, 99.965, 100, 99.931, , , 
256,2024-09-03 07:00:00, 1.4905, 5.4953, 3.687, 86370, 62.1, 229, 26.18, 25.36, 16.6, 21.69, 30.251, 0.259, 1, 0.04, 1.0862, 5.5306, 5.091, 3080, 1269.6, 6464.3, 40.09, 36.08, 18.32, 21.9, 47.382, 0, 0, 0, 0, 0, 0, 0, 0, 0, 0, 0, 0, 0, 0, 0, 0, 0, 0, 0, 0, 0, 0, 1.491, 5.4973, 3.687, 99.965, 99.965, 99.965, 99.965, 100, 99.931, , , 
256,2024-09-04 07:00:00, 3.548, 14.7439, 4.156, 86370, 147.9, 614.5, 25.52, 24.07, 14.09, 19.98, 41.325, 0.158, 3, 0.13, 2.5082, 14.6631, 5.846, 9780, 923.3, 5397.4, 30.21, 27.45, 14.04, 20.18, 48.213, 0, 0, 0, 0, 0, 0, 0, 0, 0, 0, 0, 0, 0, 0, 0, 0, 0, 0, 0, 0, 0, 0, 3.548, 14.752, 4.158, 99.965, 99.965, 99.965, 99.965, 100, 99.931, , , 
256,2024-09-05 07:00:00, 3.7091, 17.9953, 4.852, 86380, 154.6, 750, 25.42, 23.95, 15.54, 19.05, 41.644, 0.235, 2, 0.08, 2.7957, 18.0931, 6.472, 12230, 822.9, 5325.8, 29.35, 26.67, 14.73, 19.31, 49.588, 0, 0, 0, 0, 0, 0, 0, 0, 0, 0, 0, 0, 0, 0, 0, 0, 0, 0, 0, 0, 0, 0, 3.7095, 18.0146, 4.856, 99.977, 99.977, 99.977, 99.977, 100, 99.931, , , 
256,2024-09-06 07:00:00, 1.1712, 4.4556, 3.804, 86380, 48.8, 185.7, 25.6, 24.49, 18.57, 19.92, 26.643, 0.184, 1, 0.04, 0.8408, 4.5711, 5.437, 2570, 1177.7, 6403.1, 41.93, 37.85, 21.51, 20.11, 47.742, 0, 0, 0, 0, 0, 0, 0, 0, 0, 0, 0, 0, 0, 0, 0, 0, 0, 0, 0, 0, 0, 0, 1.1711, 4.4644, 3.812, 99.977, 99.977, 99.977, 99.977, 100, 99.931, , , 
256,2024-09-07 07:00:00, 1.4871, 6.2786, 4.222, 86380, 62, 261.7, 24.59, 25.4, 17.55, 20.68, 38.093, 0.064, 1, 0.04, 1.1588, 6.2617, 5.403, 3420, 1219.8, 6591.2, 39.18, 35.04, 20.68, 20.87, 43.944, 0, 0, 0, 0, 0, 0, 0, 0, 0, 0, 0, 0, 0, 0, 0, 0, 0, 0, 0, 0, 0, 0, 1.4871, 6.2637, 4.212, 99.977, 99.977, 99.977, 99.977, 100, 99.931, , , 
256,2024-09-08 07:00:00, 0.0857, 0, 0, 21880, 14.1, 0, 22.15, 21.96, 16.55, 20.44, 0, 0, 0, 0, 0, 0, 0, 0, 0, 0, 0, 0, 0, 0, 0, 0, 0, 0, 0, 0, 0, 0, 0, 0, 0, 0, 0, 0, 0, 0, 0, 0, 0, 0, 0, 0, 0, 0.0857, 0, 0, 25.324, 25.324, 25.324, 25.324, 100, 25.15, , , 
